{
  "version": 1,
  "author": "Anonymous maker",
  "editor": "wokwi",
  "parts": [
    { "type": "wokwi-esp32-devkit-v1", "id": "esp", "top": 0, "left": 0, "attrs": {} },
    { "type": "wokwi-dht22", "id": "dht1", "top": -76.5, "left": -149.4, "attrs": {} },
    {
      "type": "wokwi-lcd1602",
      "id": "lcd1",
      "top": 6.4,
      "left": 178.4,
      "attrs": { "pins": "i2c" }
    }
  ],
  "connections": [
    [ "esp:TX0", "$serialMonitor:RX", "", [] ],
    [ "esp:RX0", "$serialMonitor:TX", "", [] ],
    [ "dht1:VCC", "esp:3V3", "red", [ "v192", "h259.2", "v-76.8" ] ],
    [ "dht1:GND", "esp:GND.2", "black", [ "v0" ] ],
    [ "dht1:SDA", "esp:D14", "green", [ "v0" ] ],
    [ "lcd1:VCC", "esp:3V3", "red", [ "h-19.2", "v124.9" ] ],
    [ "esp:D22", "lcd1:SCL", "purple", [ "h23.5", "v33.2" ] ],
    [ "lcd1:GND", "esp:GND.1", "black", [ "h-38.4", "v115.2" ] ],
    [ "lcd1:SDA", "esp:D21", "green", [ "h0" ] ]
  ],
  "dependencies": {}
}